customer_name,customer_email,customer_phone,customer_address
Charles Choi,charleschoi@gmail.com,001-753-787-4326x515,"87652 Wiley Manor, Christopherland, WV 50004"
Charles Choi,charleschoi@gmail.com,001-753-787-4326x515,"87652 Wiley Manor, Christopherland, WV 50004"
Charles Choi,charleschoi@gmail.com,001-753-787-4326x515,"87652 Wiley Manor, Christopherland, WV 50004"
Charles Choi,charleschoi@gmail.com,001-753-787-4326x515,"87652 Wiley Manor, Christopherland, WV 50004"
Jeffrey Burke,jeffreyburke@gmail.com,665-779-2985x6110,"57268 Kelsey Mountains, South Davidburgh, WV 96654"
Jeffrey Burke,jeffreyburke@gmail.com,665-779-2985x6110,"57268 Kelsey Mountains, South Davidburgh, WV 96654"
Jeffrey Burke,jeffreyburke@gmail.com,665-779-2985x6110,"57268 Kelsey Mountains, South Davidburgh, WV 96654"
Jeffrey Burke,jeffreyburke@gmail.com,665-779-2985x6110,"57268 Kelsey Mountains, South Davidburgh, WV 96654"
Jeffrey Burke,jeffreyburke@gmail.com,665-779-2985x6110,"57268 Kelsey Mountains, South Davidburgh, WV 96654"
Jeffrey Burke,jeffreyburke@gmail.com,665-779-2985x6110,"57268 Kelsey Mountains, South Davidburgh, WV 96654"
Jeffrey Burke,jeffreyburke@gmail.com,665-779-2985x6110,"57268 Kelsey Mountains, South Davidburgh, WV 96654"
Jeffrey Burke,jeffreyburke@gmail.com,665-779-2985x6110,"57268 Kelsey Mountains, South Davidburgh, WV 96654"
Jeffrey Burke,jeffreyburke@gmail.com,665-779-2985x6110,"57268 Kelsey Mountains, South Davidburgh, WV 96654"
Tyler Moore,tylermoore@gmail.com,(506)354-5371,"792 Terry Loop Suite 576, Davidburgh, DE 29476"
Tyler Moore,tylermoore@gmail.com,(506)354-5371,"792 Terry Loop Suite 576, Davidburgh, DE 29476"
Tyler Moore,tylermoore@gmail.com,(506)354-5371,"792 Terry Loop Suite 576, Davidburgh, DE 29476"
Tyler Moore,tylermoore@gmail.com,(506)354-5371,"792 Terry Loop Suite 576, Davidburgh, DE 29476"
Tyler Moore,tylermoore@gmail.com,(506)354-5371,"792 Terry Loop Suite 576, Davidburgh, DE 29476"
Tyler Moore,tylermoore@gmail.com,(506)354-5371,"792 Terry Loop Suite 576, Davidburgh, DE 29476"
Tyler Moore,tylermoore@gmail.com,(506)354-5371,"792 Terry Loop Suite 576, Davidburgh, DE 29476"
Tyler Moore,tylermoore@gmail.com,(506)354-5371,"792 Terry Loop Suite 576, Davidburgh, DE 29476"
Tyler Moore,tylermoore@gmail.com,(506)354-5371,"792 Terry Loop Suite 576, Davidburgh, DE 29476"
Martha Beasley,marthabeasley@gmail.com,646.386.6132x427,"1299 William Gardens, North Rachaelmouth, NY 07807"
Martha Beasley,marthabeasley@gmail.com,646.386.6132x427,"1299 William Gardens, North Rachaelmouth, NY 07807"
Martha Beasley,marthabeasley@gmail.com,646.386.6132x427,"1299 William Gardens, North Rachaelmouth, NY 07807"
Martha Beasley,marthabeasley@gmail.com,646.386.6132x427,"1299 William Gardens, North Rachaelmouth, NY 07807"
Martha Beasley,marthabeasley@gmail.com,646.386.6132x427,"1299 William Gardens, North Rachaelmouth, NY 07807"
Michael Miller,michaelmiller@gmail.com,875-529-7835x46739,"2974 Pierce River Apt. 674, East Amy, PA 33303"
Michael Miller,michaelmiller@gmail.com,875-529-7835x46739,"2974 Pierce River Apt. 674, East Amy, PA 33303"
Morgan Hale,morganhale@gmail.com,948.237.6797x11888,"72206 Glover Mall Apt. 784, East Stephanie, ID 82477"
Morgan Hale,morganhale@gmail.com,948.237.6797x11888,"72206 Glover Mall Apt. 784, East Stephanie, ID 82477"
Morgan Hale,morganhale@gmail.com,948.237.6797x11888,"72206 Glover Mall Apt. 784, East Stephanie, ID 82477"
Morgan Hale,morganhale@gmail.com,948.237.6797x11888,"72206 Glover Mall Apt. 784, East Stephanie, ID 82477"
Morgan Hale,morganhale@gmail.com,948.237.6797x11888,"72206 Glover Mall Apt. 784, East Stephanie, ID 82477"
Margaret Schwartz,margaretschwartz@gmail.com,232-628-8246x462,"7006 Sarah Way Apt. 144, Jenniferside, OK 02836"
Margaret Schwartz,margaretschwartz@gmail.com,232-628-8246x462,"7006 Sarah Way Apt. 144, Jenniferside, OK 02836"
Joyce Campbell,joycecampbell@gmail.com,(920)223-9975x506,"79910 Erika Turnpike Apt. 402, Mclaughlinside, AK 63879"
Joyce Campbell,joycecampbell@gmail.com,(920)223-9975x506,"79910 Erika Turnpike Apt. 402, Mclaughlinside, AK 63879"
Joyce Campbell,joycecampbell@gmail.com,(920)223-9975x506,"79910 Erika Turnpike Apt. 402, Mclaughlinside, AK 63879"
Joyce Campbell,joycecampbell@gmail.com,(920)223-9975x506,"79910 Erika Turnpike Apt. 402, Mclaughlinside, AK 63879"
Joyce Campbell,joycecampbell@gmail.com,(920)223-9975x506,"79910 Erika Turnpike Apt. 402, Mclaughlinside, AK 63879"
Joyce Campbell,joycecampbell@gmail.com,(920)223-9975x506,"79910 Erika Turnpike Apt. 402, Mclaughlinside, AK 63879"
Joyce Campbell,joycecampbell@gmail.com,(920)223-9975x506,"79910 Erika Turnpike Apt. 402, Mclaughlinside, AK 63879"
Joyce Campbell,joycecampbell@gmail.com,(920)223-9975x506,"79910 Erika Turnpike Apt. 402, Mclaughlinside, AK 63879"
Joyce Campbell,joycecampbell@gmail.com,(920)223-9975x506,"79910 Erika Turnpike Apt. 402, Mclaughlinside, AK 63879"
Kevin Gould,kevingould@gmail.com,236-526-3953x374,"8926 Bailey Street, Buchanantown, NC 62844"
Kevin Gould,kevingould@gmail.com,236-526-3953x374,"8926 Bailey Street, Buchanantown, NC 62844"
Kevin Gould,kevingould@gmail.com,236-526-3953x374,"8926 Bailey Street, Buchanantown, NC 62844"
Jennifer Smith,jennifersmith@gmail.com,(205)263-0511x44461,"54033 Christian Flats, Amberberg, PW 21821"
Jennifer Smith,jennifersmith@gmail.com,(205)263-0511x44461,"54033 Christian Flats, Amberberg, PW 21821"
Jennifer Smith,jennifersmith@gmail.com,(205)263-0511x44461,"54033 Christian Flats, Amberberg, PW 21821"
Jennifer Smith,jennifersmith@gmail.com,(205)263-0511x44461,"54033 Christian Flats, Amberberg, PW 21821"
Jennifer Smith,jennifersmith@gmail.com,(205)263-0511x44461,"54033 Christian Flats, Amberberg, PW 21821"
Jennifer Smith,jennifersmith@gmail.com,(205)263-0511x44461,"54033 Christian Flats, Amberberg, PW 21821"
Jennifer Smith,jennifersmith@gmail.com,(205)263-0511x44461,"54033 Christian Flats, Amberberg, PW 21821"
Jennifer Smith,jennifersmith@gmail.com,(205)263-0511x44461,"54033 Christian Flats, Amberberg, PW 21821"
Jennifer Smith,jennifersmith@gmail.com,(205)263-0511x44461,"54033 Christian Flats, Amberberg, PW 21821"
Jennifer Smith,jennifersmith@gmail.com,(205)263-0511x44461,"54033 Christian Flats, Amberberg, PW 21821"
